TítuloCurso,Precio,Duración,Autor
Java Programming,£10,15.2 hours,Next Learn Academy
SQL Programming: The SQL Database Programming Essential Training 2022,£10,3.5 hours ,Ahmed Ibrahim
Programming,£10,7 hours   ,Course Cloud
C# Programming: The C# Coding Essential Training in 2022,£10,3.9 hours ,Ahmed Ibrahim
Python Programming: Building Real Apps with Python Programming 2022,£10,3.5 hours ,Ahmed Ibrahim
C# Programming with Ado.net,£10,2.6 hours ,Suprio Dutta
SQL Programming,£10,2 hours   ,Suprio Dutta
Python Programming for Beginners | Python Ultimate Bootcamp 2022,£10,6 hours   ,Ahmed Ibrahim
Python Programming Certification Training,£10,29.4 hours,Uplatz
F# Programming,£71,5 hours   ,Ed-Next (Consult +)
Java Programming Training Courses,£19,3.4 hours ,EduOlc Team
C# Programming-Beginners To Advanced,£10,5.1 hours ,Suprio Dutta
Coding (Computer Programming),£53,97 hours  ,Apex Learning
SAS Programming,£10,12 hours  ,Course Cloud
GUI Programming in Python using Tkinter Certification Training,£10,25.3 hours,Uplatz
JavaScript Programming for Beginners,£19,2.3 hours ,Zenva Academy
PLC Programming,£13,7 hours   ,Course Cloud
Data Science: Python Programming for Data Analysis 2022 Complete Bootcamp,£10,6.3 hours ,Ahmed Ibrahim
3D Programming Crash Course ,£89,1.2 hours ,Sonar Systems
C++ Programming Course,£35,10 hours  ,Ed-Next (Consult +)
Java Programming ,£150,3.4 hours ,Numoni
PLC Programming,£10,7 hours   ,Janets
Python Programming From A-Z: Beginner To Expert Course,£11.99,15.5 hours,Lunes Online Learning
R Programming,£59,4.9 hours ,Earn & Excel
Programming in Android,£200,30 hours  ,IT Academy
